config,fold,test_person,n_train,n_test,accuracy,macro_f1,f1_correct,f1_forward_slouch,f1_lean_left,f1_lean_right,confuse_fs_lr,fs_as_lr,lr_as_fs
A_V02_29feat,0,person01,3407,148,0.9054054054054054,0.8394108983799706,0.9690721649484536,0.6285714285714286,1.0,0.76,11,0,11
A_V02_29feat,1,person02,3278,277,0.6787003610108303,0.6432003528817478,0.6470588235294118,0.5631067961165048,0.9308176100628931,0.4318181818181818,12,6,6
A_V02_29feat,2,person04,3280,275,0.8363636363636363,0.8077935755660874,0.4444444444444444,1.0,1.0,0.7867298578199052,0,0,0
A_V02_29feat,3,person05,3295,260,0.7,0.6622468681144913,0.7904191616766467,0.7241379310344828,0.78,0.35443037974683544,41,0,41
A_V02_29feat,4,person06,3315,240,0.7458333333333333,0.6837224201055214,0.2597402597402597,0.9664429530201343,0.5833333333333334,0.9253731343283582,3,0,3
A_V02_29feat,5,person07,2759,796,0.7751256281407035,0.7735511763662413,0.7049808429118773,0.6845637583892618,0.8940092165898618,0.8106508875739645,13,9,4
A_V02_29feat,6,person08,3329,226,0.7389380530973452,0.6055091833892462,0.7425149700598802,0.16,0.9056603773584906,0.6138613861386139,1,0,1
A_V02_29feat,7,person09,3282,273,0.8717948717948718,0.87446202996999,0.8148148148148148,0.7155963302752294,0.9821428571428571,0.9852941176470589,0,0,0
A_V02_29feat,8,person10,3248,307,0.8892508143322475,0.8886443412650159,0.9323308270676691,0.8181818181818182,0.8397790055248618,0.9642857142857143,0,0,0
A_V02_29feat,9,person12,3303,252,0.9484126984126984,0.9459916221291348,0.8869565217391304,1.0,0.9922480620155039,0.9047619047619048,0,0,0
A_V02_29feat,10,person13,3300,255,0.5137254901960784,0.4262511017098537,0.9836065573770492,0.5080645161290323,0.21333333333333335,0.0,63,0,63
A_V02_29feat,11,person14,3309,246,0.8699186991869918,0.8563447292019176,0.8275862068965517,0.6593406593406593,0.9739130434782609,0.9645390070921985,4,4,0
B_Clean20,0,person01,3407,148,0.8581081081081081,0.7634771435516918,0.9591836734693877,0.5365853658536586,1.0,0.5581395348837209,17,0,17
B_Clean20,1,person02,3278,277,0.703971119133574,0.6726334741934599,0.6836734693877551,0.5490196078431373,0.9259259259259259,0.5319148936170213,14,8,6
B_Clean20,2,person04,3280,275,0.8218181818181818,0.7839323467230445,0.36363636363636365,1.0,1.0,0.772093023255814,0,0,0
B_Clean20,3,person05,3295,260,0.6807692307692308,0.6365840080174525,0.7764705882352941,0.7159090909090909,0.7422680412371134,0.3116883116883117,43,0,43
B_Clean20,4,person06,3315,240,0.75,0.6844616974827872,0.23684210526315788,0.9798657718120806,0.5737704918032787,0.9473684210526315,2,0,2
B_Clean20,5,person07,2759,796,0.7788944723618091,0.7740604922113423,0.72,0.6845637583892618,0.8995433789954338,0.7921348314606742,27,23,4
B_Clean20,6,person08,3329,226,0.7876106194690266,0.6867245903943152,0.8051948051948052,0.30303030303030304,0.9230769230769231,0.7155963302752294,6,0,6
B_Clean20,7,person09,3282,273,0.8241758241758241,0.8179987345815519,0.7647058823529411,0.5473684210526316,0.9821428571428571,0.9777777777777777,0,0,0
B_Clean20,8,person10,3248,307,0.8697068403908795,0.870434182028385,0.9393939393939394,0.782608695652174,0.8461538461538461,0.9135802469135802,7,0,7
B_Clean20,9,person12,3303,252,0.9642857142857143,0.9627610098557151,0.9243697478991597,1.0,0.9922480620155039,0.9344262295081968,0,0,0
B_Clean20,10,person13,3300,255,0.5490196078431373,0.47889127871465476,0.9836065573770492,0.5271966527196653,0.40476190476190477,0.0,63,0,63
B_Clean20,11,person14,3309,246,0.8861788617886179,0.8774973634965076,0.8275862068965517,0.7157894736842105,0.9739130434782609,0.9927007299270073,0,0,0
V03_32feat_C10,0,person01,3407,148,0.8716216216216216,0.7844935636856368,0.9791666666666666,0.5365853658536586,1.0,0.6222222222222222,17,0,17
V03_32feat_C10,1,person02,3278,277,0.6859205776173285,0.6526737516869096,0.6666666666666666,0.5769230769230769,0.925,0.4421052631578947,16,10,6
V03_32feat_C10,2,person04,3280,275,0.8363636363636363,0.8077935755660874,0.4444444444444444,1.0,1.0,0.7867298578199052,0,0,0
V03_32feat_C10,3,person05,3295,260,0.6923076923076923,0.6545710681244744,0.7926829268292683,0.7241379310344828,0.76,0.34146341463414637,41,0,41
V03_32feat_C10,4,person06,3315,240,0.7416666666666667,0.677199431052161,0.23684210526315788,0.9668874172185431,0.5737704918032787,0.9312977099236641,4,0,4
V03_32feat_C10,5,person07,2759,796,0.7801507537688442,0.7790213176340323,0.7142857142857143,0.6976744186046512,0.9065420560747663,0.797583081570997,11,7,4
V03_32feat_C10,6,person08,3329,226,0.7787610619469026,0.6946159691217777,0.7701863354037267,0.4,0.9290322580645162,0.6792452830188679,2,0,2
V03_32feat_C10,7,person09,3282,273,0.8424908424908425,0.8406502994711729,0.7794871794871795,0.6138613861386139,0.9911504424778761,0.9781021897810219,0,0,0
V03_32feat_C10,8,person10,3248,307,0.8925081433224755,0.891799467105815,0.9323308270676691,0.8244274809160306,0.8461538461538461,0.9642857142857143,0,0,0
V03_32feat_C10,9,person12,3303,252,0.9404761904761905,0.9378637452927079,0.8695652173913043,1.0,1.0,0.8818897637795275,0,0,0
V03_32feat_C10,10,person13,3300,255,0.5215686274509804,0.4388854847671321,0.9836065573770492,0.5121951219512195,0.2597402597402597,0.0,63,0,63
V03_32feat_C10,11,person14,3309,246,0.8699186991869918,0.8563447292019176,0.8275862068965517,0.6593406593406593,0.9739130434782609,0.9645390070921985,4,4,0
D4_V02+yaw_30feat,0,person01,3407,148,0.8851351351351351,0.8072176492998234,0.9690721649484536,0.5789473684210527,1.0,0.6808510638297872,14,0,14
D4_V02+yaw_30feat,1,person02,3278,277,0.6787003610108303,0.6397554872892112,0.6633663366336634,0.5436893203883495,0.925,0.42696629213483145,15,7,8
D4_V02+yaw_30feat,2,person04,3280,275,0.8363636363636363,0.8077935755660874,0.4444444444444444,1.0,1.0,0.7867298578199052,0,0,0
D4_V02+yaw_30feat,3,person05,3295,260,0.7,0.6622468681144913,0.7904191616766467,0.7241379310344828,0.78,0.35443037974683544,41,0,41
D4_V02+yaw_30feat,4,person06,3315,240,0.7416666666666667,0.6767926473264663,0.23684210526315788,0.9664429530201343,0.5785123966942148,0.9253731343283582,3,0,3
D4_V02+yaw_30feat,5,person07,2759,796,0.7751256281407035,0.7735511763662413,0.7049808429118773,0.6845637583892618,0.8940092165898618,0.8106508875739645,13,9,4
D4_V02+yaw_30feat,6,person08,3329,226,0.7389380530973452,0.6050889672876218,0.7469879518072289,0.15384615384615385,0.9056603773584906,0.6138613861386139,2,0,2
D4_V02+yaw_30feat,7,person09,3282,273,0.8791208791208791,0.8824262813233401,0.8235294117647058,0.7387387387387387,0.9821428571428571,0.9852941176470589,0,0,0
D4_V02+yaw_30feat,8,person10,3248,307,0.8925081433224755,0.891799467105815,0.9323308270676691,0.8244274809160306,0.8461538461538461,0.9642857142857143,0,0,0
D4_V02+yaw_30feat,9,person12,3303,252,0.9444444444444444,0.9420498084291188,0.8793103448275862,1.0,1.0,0.8888888888888888,0,0,0
D4_V02+yaw_30feat,10,person13,3300,255,0.5137254901960784,0.4262511017098537,0.9836065573770492,0.5080645161290323,0.21333333333333335,0.0,63,0,63
D4_V02+yaw_30feat,11,person14,3309,246,0.8699186991869918,0.8563447292019176,0.8275862068965517,0.6593406593406593,0.9739130434782609,0.9645390070921985,4,4,0
