recording_id,person_id,session_id,total_samples,correct_samples,enough_correct_samples,frame_index_min,frame_index_max,calibration_samples,calibration_frame_min,calibration_frame_max,remaining_samples,baseline_created,protocol,skip_reason
person01__session01,person01,session01,168,69,True,1,96,30,1,38,138,True,first_30_valid_correct_sorted_by_frame_index,
person02__session01,person02,session01,301,103,True,1,112,30,2,33,271,True,first_30_valid_correct_sorted_by_frame_index,
person03__session01,person03,session01,230,86,True,1,93,30,1,30,200,True,first_30_valid_correct_sorted_by_frame_index,
person04__session01,person04,session01,304,92,True,1,92,30,1,30,274,True,first_30_valid_correct_sorted_by_frame_index,
person05__session01,person05,session01,289,102,True,1,107,30,1,33,259,True,first_30_valid_correct_sorted_by_frame_index,
person06__session01,person06,session01,269,96,True,1,96,30,1,30,239,True,first_30_valid_correct_sorted_by_frame_index,
person07__session01,person07,session01,326,114,True,1,114,30,1,30,296,True,first_30_valid_correct_sorted_by_frame_index,
person07__session02,person07,session02,287,97,True,1,97,30,1,30,257,True,first_30_valid_correct_sorted_by_frame_index,
person07__session03,person07,session03,271,88,True,1,92,30,1,31,241,True,first_30_valid_correct_sorted_by_frame_index,
person08__session01,person08,session01,263,89,True,1,92,30,1,32,233,True,first_30_valid_correct_sorted_by_frame_index,
person09__session01,person09,session01,303,114,True,1,116,30,1,32,273,True,first_30_valid_correct_sorted_by_frame_index,
person10__session01,person10,session01,340,95,True,1,112,30,1,30,310,True,first_30_valid_correct_sorted_by_frame_index,
person11__session01,person11,session01,255,43,True,1,98,30,2,82,225,True,first_30_valid_correct_sorted_by_frame_index,
person12__session01,person12,session01,284,93,True,1,96,30,1,31,254,True,first_30_valid_correct_sorted_by_frame_index,
person13__session01,person13,session01,287,92,True,1,93,30,1,30,257,True,first_30_valid_correct_sorted_by_frame_index,
person14__session01,person14,session01,279,94,True,1,94,30,1,30,249,True,first_30_valid_correct_sorted_by_frame_index,
