model_name,outer_fold,heldout_person,n_train,n_test,train_person_count,person_overlap,inner_best_macro_f1,search_seconds,best_params,accuracy,balanced_accuracy,macro_precision,macro_recall,macro_f1,weighted_f1,correct_f1
XGBoost,1,person01,2992,118,11,0,0.873342588988157,17.83262979995925,"{""subsample"": 0.7, ""reg_lambda"": 2.0, ""reg_alpha"": 1.0, ""n_estimators"": 400, ""min_child_weight"": 8, ""max_depth"": 5, ""learning_rate"": 0.02, ""gamma"": 0.5, ""colsample_bytree"": 0.85}",1.0,1.0,1.0,1.0,1.0,1.0,1.0
XGBoost,2,person02,2863,247,11,0,0.8643222876007844,15.326293700025417,"{""subsample"": 0.7, ""reg_lambda"": 5.0, ""reg_alpha"": 0, ""n_estimators"": 250, ""min_child_weight"": 1, ""max_depth"": 9, ""learning_rate"": 0.2, ""gamma"": 0.2, ""colsample_bytree"": 0.85}",0.708502024291498,0.6881551801048288,0.7147435261888674,0.6881551801048288,0.6839944157017328,0.7067927555732434,0.5528455284552846
XGBoost,3,person03,2939,171,11,0,0.8388674681038165,16.46218819997739,"{""subsample"": 1.0, ""reg_lambda"": 0.5, ""reg_alpha"": 0, ""n_estimators"": 150, ""min_child_weight"": 5, ""max_depth"": 5, ""learning_rate"": 0.05, ""gamma"": 0.5, ""colsample_bytree"": 0.7}",0.8888888888888888,0.8748201326326326,0.9001265736179529,0.8748201326326326,0.8743799417265974,0.8834387499199883,0.9811320754716981
XGBoost,4,person04,2865,245,11,0,0.8969975520739847,16.376313199987635,"{""subsample"": 0.7, ""reg_lambda"": 0.5, ""reg_alpha"": 0.01, ""n_estimators"": 250, ""min_child_weight"": 5, ""max_depth"": 9, ""learning_rate"": 0.2, ""gamma"": 0, ""colsample_bytree"": 1.0}",0.7142857142857143,0.7767259514247465,0.8300970873786409,0.7767259514247465,0.7118285225107337,0.7239316267222973,0.4852941176470588
XGBoost,5,person05,2880,230,11,0,0.8740542763156622,16.582980300066993,"{""subsample"": 1.0, ""reg_lambda"": 0.5, ""reg_alpha"": 0, ""n_estimators"": 150, ""min_child_weight"": 5, ""max_depth"": 5, ""learning_rate"": 0.05, ""gamma"": 0.5, ""colsample_bytree"": 0.7}",0.7304347826086957,0.7502768549280177,0.7780487804878049,0.7502768549280177,0.6854612812867081,0.6574453624366998,0.9761904761904762
XGBoost,6,person06,2900,210,11,0,0.8754820512375503,16.466569599928334,"{""subsample"": 0.7, ""reg_lambda"": 0.5, ""reg_alpha"": 0.01, ""n_estimators"": 250, ""min_child_weight"": 5, ""max_depth"": 9, ""learning_rate"": 0.2, ""gamma"": 0, ""colsample_bytree"": 1.0}",0.8666666666666667,0.8003861003861004,0.8952170370588842,0.8003861003861004,0.7825842933615682,0.8330859607182379,0.9
XGBoost,7,person07,2404,706,11,0,0.8364133392652515,15.372942500049248,"{""subsample"": 0.85, ""reg_lambda"": 0.5, ""reg_alpha"": 0, ""n_estimators"": 150, ""min_child_weight"": 1, ""max_depth"": 5, ""learning_rate"": 0.02, ""gamma"": 0, ""colsample_bytree"": 0.7}",0.9801699716713881,0.9787730060955553,0.9816827848555836,0.9787730060955553,0.9800231269716193,0.9801842949527348,0.9790794979079498
XGBoost,8,person09,2867,243,11,0,0.8551121056393475,16.62049450003542,"{""subsample"": 0.7, ""reg_lambda"": 0.5, ""reg_alpha"": 0.01, ""n_estimators"": 250, ""min_child_weight"": 5, ""max_depth"": 9, ""learning_rate"": 0.2, ""gamma"": 0, ""colsample_bytree"": 1.0}",0.8930041152263375,0.8984330484330484,0.9273482362592288,0.8984330484330484,0.897078704520073,0.8898535349027457,0.9719626168224299
XGBoost,9,person10,2833,277,11,0,0.8785734078250131,16.64138130005449,"{""subsample"": 0.85, ""reg_lambda"": 2.0, ""reg_alpha"": 0.1, ""n_estimators"": 400, ""min_child_weight"": 8, ""max_depth"": 7, ""learning_rate"": 0.05, ""gamma"": 0, ""colsample_bytree"": 0.7}",0.9530685920577617,0.9669435215946843,0.9514925373134329,0.9669435215946843,0.9559940850646415,0.9546903809476734,1.0
XGBoost,10,person12,2888,222,11,0,0.8559051830220283,16.72449539997615,"{""subsample"": 0.7, ""reg_lambda"": 5.0, ""reg_alpha"": 0, ""n_estimators"": 250, ""min_child_weight"": 8, ""max_depth"": 7, ""learning_rate"": 0.02, ""gamma"": 0.5, ""colsample_bytree"": 1.0}",0.954954954954955,0.9466397849462366,0.9675324675324675,0.9466397849462366,0.9544402988183924,0.9551988147589617,0.9491525423728814
XGBoost,11,person13,2885,225,11,0,0.8881182735533532,18.599340899963863,"{""subsample"": 0.7, ""reg_lambda"": 5.0, ""reg_alpha"": 0, ""n_estimators"": 250, ""min_child_weight"": 8, ""max_depth"": 7, ""learning_rate"": 0.02, ""gamma"": 0.5, ""colsample_bytree"": 1.0}",0.7111111111111111,0.75,0.623046875,0.75,0.6649214659685864,0.6158231529959279,1.0
XGBoost,12,person14,2894,216,11,0,0.8543490123337275,17.727541900007054,"{""subsample"": 0.7, ""reg_lambda"": 5.0, ""reg_alpha"": 0, ""n_estimators"": 250, ""min_child_weight"": 8, ""max_depth"": 7, ""learning_rate"": 0.02, ""gamma"": 0.5, ""colsample_bytree"": 1.0}",0.9953703703703703,0.9959016393442623,0.9921875,0.9959016393442623,0.9939656303292667,0.9953879827617201,0.9841269841269841
SVM_RBF,1,person01,2992,118,11,0,0.9009890856951681,10.182918700040318,"{""model__C"": 0.1, ""model__class_weight"": null, ""model__gamma"": 0.1}",1.0,1.0,1.0,1.0,1.0,1.0,1.0
SVM_RBF,2,person02,2863,247,11,0,0.9092822783992963,8.4924659000244,"{""model__C"": 0.1, ""model__class_weight"": ""balanced"", ""model__gamma"": ""scale""}",0.6720647773279352,0.6598942334012592,0.7297128897672375,0.6598942334012592,0.6421977613810804,0.6664954800798386,0.5540540540540541
SVM_RBF,3,person03,2939,171,11,0,0.8873010945273889,9.048717899946496,"{""model__C"": 0.1, ""model__class_weight"": null, ""model__gamma"": 0.1}",0.8596491228070176,0.8278278278278278,0.8853549721970775,0.8278278278278278,0.8330575273587696,0.8444520376164704,0.92
SVM_RBF,4,person04,2865,245,11,0,0.9259989227808081,9.412620799965225,"{""model__C"": 0.1, ""model__class_weight"": null, ""model__gamma"": 0.1}",0.963265306122449,0.9661981258366801,0.9464285714285714,0.9661981258366801,0.952245337159254,0.9645792756126841,0.88
SVM_RBF,5,person05,2880,230,11,0,0.9229220905697386,9.367973900050856,"{""model__C"": 0.1, ""model__class_weight"": null, ""model__gamma"": 0.1}",0.9956521739130435,0.996031746031746,0.99609375,0.996031746031746,0.9960314960629921,0.9956519000342349,1.0
SVM_RBF,6,person06,2900,210,11,0,0.8840755092900595,9.312407699995674,"{""model__C"": 1, ""model__class_weight"": null, ""model__gamma"": ""scale""}",0.9333333333333333,0.9011583011583011,0.9457799145299145,0.9011583011583011,0.9152146745141402,0.9295330631885045,0.9315068493150684
SVM_RBF,7,person07,2404,706,11,0,0.8989314124301442,7.475157700013369,"{""model__C"": 0.1, ""model__class_weight"": null, ""model__gamma"": ""scale""}",0.9886685552407932,0.9888776032029933,0.9876171841684726,0.9888776032029933,0.988180186837157,0.988664601991891,0.9836065573770492
SVM_RBF,8,person09,2867,243,11,0,0.9048461054575538,9.187031299923547,"{""model__C"": 0.1, ""model__class_weight"": null, ""model__gamma"": 0.1}",0.9711934156378601,0.9691595441595442,0.9728349673202614,0.9691595441595442,0.9704342775779378,0.9710876669035143,0.9333333333333333
SVM_RBF,9,person10,2833,277,11,0,0.9381174062208557,8.835524499998428,"{""model__C"": 0.1, ""model__class_weight"": null, ""model__gamma"": 0.1}",0.9205776173285198,0.9387689184200811,0.9233193277310925,0.9387689184200811,0.9261804739308983,0.9235449961210445,1.0
SVM_RBF,10,person12,2888,222,11,0,0.8731880107182519,9.323730900068767,"{""model__C"": 0.1, ""model__class_weight"": null, ""model__gamma"": 0.1}",0.990990990990991,0.9877688172043011,0.9927536231884058,0.9877688172043011,0.9901243284198926,0.9910013850467082,0.9836065573770492
SVM_RBF,11,person13,2885,225,11,0,0.8958300044107773,8.911476300098002,"{""model__C"": 0.1, ""model__class_weight"": null, ""model__gamma"": 0.1}",0.7288888888888889,0.7653846153846153,0.877016129032258,0.7653846153846153,0.6974347051073394,0.6532685766445356,1.0
SVM_RBF,12,person14,2894,216,11,0,0.8943998897472505,9.480887999990955,"{""model__C"": 0.1, ""model__class_weight"": null, ""model__gamma"": 0.1}",1.0,1.0,1.0,1.0,1.0,1.0,1.0
Random_Forest,1,person01,2992,118,11,0,0.8700727796730817,50.49898719997145,"{""n_estimators"": 200, ""min_samples_split"": 2, ""min_samples_leaf"": 4, ""max_features"": null, ""max_depth"": null, ""class_weight"": null}",1.0,1.0,1.0,1.0,1.0,1.0,1.0
Random_Forest,2,person02,2863,247,11,0,0.8713966146817163,43.45921639993321,"{""n_estimators"": 600, ""min_samples_split"": 5, ""min_samples_leaf"": 4, ""max_features"": ""log2"", ""max_depth"": 8, ""class_weight"": null}",0.6882591093117408,0.6608425337348054,0.6665660801963993,0.6608425337348054,0.6549353179485067,0.6758103722001936,0.5567010309278351
Random_Forest,3,person03,2939,171,11,0,0.831923210132714,48.972204200108536,"{""n_estimators"": 200, ""min_samples_split"": 2, ""min_samples_leaf"": 4, ""max_features"": null, ""max_depth"": null, ""class_weight"": null}",0.8304093567251462,0.7965465465465466,0.8716123910796042,0.7965465465465466,0.7861538428080262,0.800842226620547,0.9411764705882353
Random_Forest,4,person04,2865,245,11,0,0.8969028453168523,46.613380900002085,"{""n_estimators"": 200, ""min_samples_split"": 10, ""min_samples_leaf"": 2, ""max_features"": null, ""max_depth"": 12, ""class_weight"": null}",0.6326530612244898,0.7193536048957736,0.8170731707317074,0.7193536048957736,0.6016593670964161,0.5849844965436671,0.4230769230769231
Random_Forest,5,person05,2880,230,11,0,0.8732422662502515,48.70106919994578,"{""n_estimators"": 200, ""min_samples_split"": 10, ""min_samples_leaf"": 2, ""max_features"": null, ""max_depth"": 12, ""class_weight"": null}",0.7217391304347827,0.7459016393442623,0.6240157480314961,0.7459016393442623,0.6637233579817312,0.6316296310305048,1.0
Random_Forest,6,person06,2900,210,11,0,0.8643973079768291,47.45709020004142,"{""n_estimators"": 400, ""min_samples_split"": 2, ""min_samples_leaf"": 4, ""max_features"": ""sqrt"", ""max_depth"": 12, ""class_weight"": null}",0.8952380952380953,0.8432432432432433,0.9104728655677248,0.8432432432432433,0.8416968252467827,0.8777963980752524,0.9
Random_Forest,7,person07,2404,706,11,0,0.8312497222133063,39.46143520006444,"{""n_estimators"": 400, ""min_samples_split"": 5, ""min_samples_leaf"": 1, ""max_features"": ""sqrt"", ""max_depth"": 20, ""class_weight"": null}",0.9815864022662889,0.9800750894288885,0.9826487600525796,0.9800750894288885,0.9812977692623437,0.981570874668424,0.9790794979079498
Random_Forest,8,person09,2867,243,11,0,0.8435221566781641,45.925402100081556,"{""n_estimators"": 200, ""min_samples_split"": 2, ""min_samples_leaf"": 1, ""max_features"": ""sqrt"", ""max_depth"": 8, ""class_weight"": null}",0.9753086419753086,0.9753561253561254,0.9794520547945206,0.9753561253561254,0.9766322252171309,0.9754988125125559,0.9811320754716981
Random_Forest,9,person10,2833,277,11,0,0.8761081474783519,46.946347299963236,"{""n_estimators"": 600, ""min_samples_split"": 5, ""min_samples_leaf"": 4, ""max_features"": ""log2"", ""max_depth"": 8, ""class_weight"": null}",0.9747292418772563,0.9767318813830441,0.9733193277310925,0.9767318813830441,0.9749335459861774,0.9748436291472584,1.0
Random_Forest,10,person12,2888,222,11,0,0.8497589692303533,47.74283500004094,"{""n_estimators"": 400, ""min_samples_split"": 10, ""min_samples_leaf"": 1, ""max_features"": ""log2"", ""max_depth"": 20, ""class_weight"": null}",0.972972972972973,0.9711021505376344,0.9794520547945206,0.9711021505376344,0.9743177884125853,0.9730255813292163,0.9836065573770492
Random_Forest,11,person13,2885,225,11,0,0.8794769234514691,48.829194999998435,"{""n_estimators"": 600, ""min_samples_split"": 5, ""min_samples_leaf"": 4, ""max_features"": ""log2"", ""max_depth"": 8, ""class_weight"": null}",0.7111111111111111,0.75,0.623046875,0.75,0.6649214659685864,0.6158231529959279,1.0
Random_Forest,12,person14,2894,216,11,0,0.8509471231100165,46.99235369998496,"{""n_estimators"": 200, ""min_samples_split"": 10, ""min_samples_leaf"": 1, ""max_features"": ""sqrt"", ""max_depth"": 20, ""class_weight"": null}",0.9953703703703703,0.9955357142857143,0.9959677419354839,0.9955357142857143,0.9957152274225445,0.9953683358154903,1.0
MLP,1,person01,2992,118,11,0,0.8768115474187164,6.148485300014727,"{""model__learning_rate_init"": 0.0001, ""model__hidden_layer_sizes"": [128, 64], ""model__alpha"": 0.0001, ""model__activation"": ""tanh""}",0.9830508474576272,0.9545454545454546,0.9848484848484849,0.9545454545454546,0.9671875,0.9824682203389831,1.0
MLP,2,person02,2863,247,11,0,0.893927168419841,5.3482755000004545,"{""model__learning_rate_init"": 0.0005, ""model__hidden_layer_sizes"": [64, 32], ""model__alpha"": 0.001, ""model__activation"": ""relu""}",0.7408906882591093,0.7313214108296076,0.7834382989337159,0.7313214108296076,0.7245952044545395,0.7444263165449369,0.6176470588235294
MLP,3,person03,2939,171,11,0,0.861952604733767,6.011981799965724,"{""model__learning_rate_init"": 0.0005, ""model__hidden_layer_sizes"": [128, 64], ""model__alpha"": 1e-05, ""model__activation"": ""relu""}",0.8713450292397661,0.8363363363363363,0.883890608875129,0.8363363363363363,0.8455290811339198,0.8639188432142592,0.875
MLP,4,person04,2865,245,11,0,0.9059399975407793,5.7174348999978974,"{""model__learning_rate_init"": 0.0005, ""model__hidden_layer_sizes"": [64, 32], ""model__alpha"": 0.001, ""model__activation"": ""relu""}",0.8448979591836735,0.8692866704914898,0.8661971830985915,0.8692866704914898,0.8334561239140486,0.8616160406683298,0.6346153846153846
MLP,5,person05,2880,230,11,0,0.9056335664826101,6.443912499933504,"{""model__learning_rate_init"": 0.0005, ""model__hidden_layer_sizes"": [64, 32], ""model__alpha"": 0.001, ""model__activation"": ""relu""}",0.7260869565217392,0.75,0.8693181818181819,0.75,0.6707143378511279,0.6402169486780673,0.9885057471264368
MLP,6,person06,2900,210,11,0,0.8727873313213331,6.066509800031781,"{""model__learning_rate_init"": 0.0001, ""model__hidden_layer_sizes"": [128, 64], ""model__alpha"": 0.0001, ""model__activation"": ""tanh""}",0.919047619047619,0.878957528957529,0.9280754224032727,0.878957528957529,0.884501399947103,0.9104511273623971,0.9
MLP,7,person07,2404,706,11,0,0.8799745331321063,6.047070399974473,"{""model__learning_rate_init"": 0.0001, ""model__hidden_layer_sizes"": [128, 64], ""model__alpha"": 0.0001, ""model__activation"": ""tanh""}",0.990084985835694,0.9901213842975207,0.9897215072304412,0.9901213842975207,0.9898502896920873,0.9900749231482446,0.9876543209876543
MLP,8,person09,2867,243,11,0,0.8854072791659817,6.63289609993808,"{""model__learning_rate_init"": 0.0005, ""model__hidden_layer_sizes"": [64, 32], ""model__alpha"": 0.001, ""model__activation"": ""relu""}",0.9465020576131687,0.9484330484330484,0.9554843304843305,0.9484330484330484,0.9486659798018825,0.9461269054237277,0.9629629629629629
MLP,9,person10,2833,277,11,0,0.9151121807045577,5.744314600015059,"{""model__learning_rate_init"": 0.0005, ""model__hidden_layer_sizes"": [64, 32], ""model__alpha"": 0.001, ""model__activation"": ""relu""}",0.8916967509025271,0.9219699766211393,0.906547619047619,0.9219699766211393,0.902948256818375,0.8964865218295047,1.0
MLP,10,person12,2888,222,11,0,0.8512909868909102,6.163104899926111,"{""model__learning_rate_init"": 0.0005, ""model__hidden_layer_sizes"": [128, 64], ""model__alpha"": 1e-05, ""model__activation"": ""relu""}",1.0,1.0,1.0,1.0,1.0,1.0,1.0
MLP,11,person13,2885,225,11,0,0.9013399876097401,5.502098400029354,"{""model__learning_rate_init"": 0.0005, ""model__hidden_layer_sizes"": [128, 64], ""model__alpha"": 1e-05, ""model__activation"": ""relu""}",0.7111111111111111,0.75,0.623046875,0.75,0.6649214659685864,0.6158231529959279,1.0
MLP,12,person14,2894,216,11,0,0.8658909225031273,6.480803999933414,"{""model__learning_rate_init"": 0.0005, ""model__hidden_layer_sizes"": [128, 64], ""model__alpha"": 1e-05, ""model__activation"": ""relu""}",1.0,1.0,1.0,1.0,1.0,1.0,1.0
