model_name,class,precision,recall,f1,support
XGBoost,correct,0.7476635514018691,0.9467455621301775,0.835509138381201,507
XGBoost,forward_slouch,0.8779220779220779,0.8355995055624228,0.8562381253958201,809
XGBoost,lean_left,0.96440489432703,0.9752530933633295,0.9697986577181208,889
XGBoost,lean_right,0.8648310387984981,0.7635359116022099,0.8110328638497653,905
SVM_RBF,correct,0.7808,0.9625246548323472,0.8621908127208481,507
SVM_RBF,forward_slouch,0.8677248677248677,0.8108776266996292,0.8383386581469648,809
SVM_RBF,lean_left,0.9750283768444948,0.9662542182227222,0.9706214689265537,889
SVM_RBF,lean_right,0.8856132075471698,0.8298342541436464,0.8568168853394181,905
Random_Forest,correct,0.805414551607445,0.9388560157790927,0.8670309653916212,507
Random_Forest,forward_slouch,0.8633540372670807,0.8590852904820766,0.8612143742255266,809
Random_Forest,lean_left,0.9676339285714286,0.9752530933633295,0.9714285714285714,889
Random_Forest,lean_right,0.8777506112469438,0.7933701657458564,0.8334300638421358,905
MLP,correct,0.8316326530612245,0.9644970414201184,0.8931506849315068,507
MLP,forward_slouch,0.8773584905660378,0.8046971569839307,0.839458413926499,809
MLP,lean_left,0.9749430523917996,0.9628796400449944,0.9688737973967176,889
MLP,lean_right,0.876940133037694,0.8740331491712707,0.8754842280022136,905
