model_name,person_id,samples,accuracy,balanced_accuracy,macro_precision,macro_recall,macro_f1,weighted_f1,correct_f1
XGBoost,person01,118,1.0,1.0,1.0,1.0,1.0,1.0,1.0
XGBoost,person02,247,0.6072874493927125,0.5844192595070815,0.6174133114784375,0.5844192595070815,0.5592463581177152,0.5873499938350738,0.4489795918367347
XGBoost,person03,171,0.8771929824561403,0.8563016141141141,0.8875323275862068,0.8563016141141141,0.8597077434854491,0.8718721767313053,0.9411764705882353
XGBoost,person04,245,0.6448979591836734,0.7331707783515012,0.81875,0.7331707783515012,0.6034649396948862,0.5820741992192391,0.43137254901960786
XGBoost,person05,230,0.7478260869565218,0.7698412698412698,0.8801652892561984,0.7698412698412698,0.707960358056266,0.6800261314355611,1.0
XGBoost,person06,210,0.9142857142857143,0.8718146718146718,0.9220366442547911,0.8718146718146718,0.8752850100845486,0.903979382409111,0.9
XGBoost,person07,706,0.9801699716713881,0.9794787362258953,0.9798832379211884,0.9794787362258953,0.9795168031738393,0.9801169529027681,0.9752066115702479
XGBoost,person09,243,0.9259259259259259,0.9292022792022792,0.9470588235294117,0.9292022792022792,0.9305900364117843,0.9256136400477863,0.9811320754716981
XGBoost,person10,277,0.9675090252707581,0.9764673311184939,0.9642857142857143,0.9764673311184939,0.9687192888412401,0.9683666396706812,1.0
XGBoost,person12,222,0.9594594594594594,0.9547043010752688,0.9703947368421053,0.9547043010752688,0.9604456752686842,0.9596084202278893,0.9666666666666667
XGBoost,person13,225,0.7111111111111111,0.75,0.623046875,0.75,0.6649214659685864,0.6158231529959279,1.0
XGBoost,person14,216,1.0,1.0,1.0,1.0,1.0,1.0,1.0
SVM_RBF,person01,118,1.0,1.0,1.0,1.0,1.0,1.0,1.0
SVM_RBF,person02,247,0.6518218623481782,0.6413414844328194,0.7643496289829769,0.6413414844328194,0.6215147755470336,0.6480750889004773,0.5212121212121212
SVM_RBF,person03,171,0.8771929824561403,0.8455955955955956,0.8874024613773239,0.8455955955955956,0.85311944378835,0.8703144165687373,0.8979591836734694
SVM_RBF,person04,245,0.7755102040816326,0.8180818512143814,0.84375,0.8180818512143814,0.7731540606755629,0.7980966813330836,0.5454545454545454
SVM_RBF,person05,230,0.7565217391304347,0.7777777777777778,0.8714975845410629,0.7777777777777778,0.7281664964249235,0.7041413154505486,0.9772727272727273
SVM_RBF,person06,210,0.9333333333333333,0.9011583011583011,0.9457799145299145,0.9011583011583011,0.9152146745141402,0.9295330631885045,0.9315068493150684
SVM_RBF,person07,706,0.9886685552407932,0.9888776032029933,0.9869388192568462,0.9888776032029933,0.9878224752912869,0.9886792233776969,0.9795918367346939
SVM_RBF,person09,243,0.8847736625514403,0.8899572649572649,0.9153527631788501,0.8899572649572649,0.8881737494856874,0.8807646246794087,0.9622641509433962
SVM_RBF,person10,277,0.9314079422382672,0.9526578073089701,0.934931506849315,0.9526578073089701,0.9374152750137003,0.9342841794872837,1.0
SVM_RBF,person12,222,0.9774774774774775,0.9752688172043011,0.9826388888888888,0.9752688172043011,0.9782881439336942,0.9775349811666717,0.9836065573770492
SVM_RBF,person13,225,0.7155555555555555,0.7538461538461538,0.8740157480314961,0.7538461538461538,0.6733652312599681,0.6255495303916356,1.0
SVM_RBF,person14,216,1.0,1.0,1.0,1.0,1.0,1.0,1.0
Random_Forest,person01,118,1.0,1.0,1.0,1.0,1.0,1.0,1.0
Random_Forest,person02,247,0.6882591093117408,0.6598388535742166,0.6634624615975422,0.6598388535742166,0.6544937122727343,0.6766991519233923,0.5360824742268041
Random_Forest,person03,171,0.9005847953216374,0.8826326326326326,0.9140913510273642,0.8826326326326326,0.8832666795283878,0.8915426979332561,0.9629629629629629
Random_Forest,person04,245,0.6571428571428571,0.7412507171543316,0.8205128205128205,0.7412507171543316,0.6259090909090909,0.6114359925788497,0.44
Random_Forest,person05,230,0.7391304347826086,0.7619047619047619,0.8780487804878049,0.7619047619047619,0.6920821114369501,0.6626290960091801,1.0
Random_Forest,person06,210,0.8904761904761904,0.8368725868725868,0.9049963980652465,0.8368725868725868,0.8402231540389435,0.8749141626961177,0.8717948717948718
Random_Forest,person07,706,0.9872521246458924,0.987517217630854,0.9876991331912363,0.987517217630854,0.987586140274466,0.9872326712799254,0.9917355371900827
Random_Forest,person09,243,0.9753086419753086,0.9753561253561254,0.9794520547945206,0.9753561253561254,0.9766322252171309,0.9754988125125559,0.9811320754716981
Random_Forest,person10,277,0.9747292418772563,0.9767318813830441,0.9733193277310925,0.9767318813830441,0.9749335459861774,0.9748436291472584,1.0
Random_Forest,person12,222,0.9774774774774775,0.9752688172043011,0.9826388888888888,0.9752688172043011,0.9782881439336942,0.9775349811666717,0.9836065573770492
Random_Forest,person13,225,0.7111111111111111,0.75,0.623046875,0.75,0.6649214659685864,0.6158231529959279,1.0
Random_Forest,person14,216,0.9953703703703703,0.9955357142857143,0.9959677419354839,0.9955357142857143,0.9957152274225445,0.9953683358154903,1.0
MLP,person01,118,0.9661016949152542,0.9090909090909091,0.9714285714285714,0.9090909090909091,0.9292929292929293,0.9633624379387091,1.0
MLP,person02,247,0.5951417004048583,0.5790617364680596,0.7089858886592612,0.5790617364680596,0.5332635782992694,0.5638590302200608,0.484472049689441
MLP,person03,171,0.8830409356725146,0.8498498498498499,0.9101190476190476,0.8498498498498499,0.8632522774849054,0.8772777956491615,0.875
MLP,person04,245,0.9387755102040817,0.9443010135781219,0.921875,0.9443010135781219,0.92361782071927,0.9420955886380317,0.8148148148148148
MLP,person05,230,0.7217391304347827,0.746031746031746,0.8628726287262873,0.746031746031746,0.6661091764418378,0.6361480779038633,0.9772727272727273
MLP,person06,210,0.9285714285714286,0.8928571428571428,0.9345978844209379,0.8928571428571428,0.8973273495556534,0.9205810876382686,0.925
MLP,person07,706,0.990084985835694,0.9901213842975207,0.9897215072304412,0.9901213842975207,0.9898502896920873,0.9900749231482446,0.9876543209876543
MLP,person09,243,0.9465020576131687,0.9492165242165242,0.9573956868260666,0.9492165242165242,0.9493986963513317,0.9460204987382965,0.9814814814814815
MLP,person10,277,0.927797833935018,0.9480281776793404,0.9310157295850067,0.9480281776793404,0.9336902413825491,0.9307121648138031,1.0
MLP,person12,222,1.0,1.0,1.0,1.0,1.0,1.0,1.0
MLP,person13,225,0.7111111111111111,0.75,0.623046875,0.75,0.6649214659685864,0.6158231529959279,1.0
MLP,person14,216,1.0,1.0,1.0,1.0,1.0,1.0,1.0
