,,correct,forward_slouch,lean_left,lean_right
delta_shoulder_roll_deg,count,987.0,937.0,1024.0,1028.0
delta_shoulder_roll_deg,mean,0.09630219638347626,0.09701479971408844,6.983033180236816,-11.410576820373535
delta_shoulder_roll_deg,std,2.1081361770629883,3.890638828277588,8.628233909606934,8.045731544494629
delta_shoulder_roll_deg,min,-17.602935791015625,-12.314247131347656,-8.160446166992188,-36.818931579589844
delta_shoulder_roll_deg,25%,-0.8328666687011719,-1.6812820434570312,1.1645317077636719,-18.660104751586914
delta_shoulder_roll_deg,50%,0.04607391357421875,0.12671661376953125,5.015716552734375,-9.461528778076172
delta_shoulder_roll_deg,75%,0.96331787109375,2.4060897827148438,13.088720321655273,-5.237936019897461
delta_shoulder_roll_deg,max,16.506980895996094,20.98664093017578,28.373138427734375,8.61212158203125
delta_eye_roll_deg,count,987.0,937.0,1024.0,1028.0
delta_eye_roll_deg,mean,0.18665799498558044,1.3198612928390503,6.633423328399658,-4.077838897705078
delta_eye_roll_deg,std,3.6285288333892822,6.311250686645508,8.991726875305176,10.83985710144043
delta_eye_roll_deg,min,-10.029129028320312,-24.025535583496094,-19.69367218017578,-32.34947967529297
delta_eye_roll_deg,25%,-2.1279449462890625,-2.3375930786132812,-0.036579132080078125,-12.63115119934082
delta_eye_roll_deg,50%,-0.41568756103515625,0.30680084228515625,4.8058929443359375,-3.20367431640625
delta_eye_roll_deg,75%,1.9532394409179688,3.6722640991210938,11.036314010620117,4.466579437255859
delta_eye_roll_deg,max,22.42699432373047,45.716522216796875,42.530792236328125,22.163352966308594
delta_head_shoulder_roll_diff_deg,count,987.0,937.0,1024.0,1028.0
delta_head_shoulder_roll_diff_deg,mean,0.04607381299138069,1.0834662914276123,-0.4806654453277588,7.213415622711182
delta_head_shoulder_roll_diff_deg,std,4.27016019821167,7.035481929779053,8.53518009185791,10.269121170043945
delta_head_shoulder_roll_diff_deg,min,-13.028329849243164,-26.812780380249023,-24.34396743774414,-18.746469497680664
delta_head_shoulder_roll_diff_deg,25%,-2.5323086977005005,-3.02154803276062,-6.5622135400772095,-0.4420982599258423
delta_head_shoulder_roll_diff_deg,50%,-0.4781193733215332,-0.1350564956665039,-0.6860935688018799,7.666552305221558
delta_head_shoulder_roll_diff_deg,75%,1.9190701246261597,4.247060775756836,3.865536391735077,12.674602508544922
delta_head_shoulder_roll_diff_deg,max,21.28648567199707,39.597015380859375,37.49830627441406,34.933780670166016
delta_neck_pitch_deg,count,987.0,937.0,1024.0,1028.0
delta_neck_pitch_deg,mean,0.8207895159721375,-15.671028137207031,-3.410217761993408,-14.197793960571289
delta_neck_pitch_deg,std,7.093770503997803,11.976001739501953,11.970198631286621,14.695737838745117
delta_neck_pitch_deg,min,-18.294776916503906,-54.11064910888672,-34.93579864501953,-52.56365203857422
delta_neck_pitch_deg,25%,-3.7783241271972656,-21.96489715576172,-8.576971054077148,-26.78559112548828
delta_neck_pitch_deg,50%,0.5147323608398438,-12.938507080078125,-2.8701934814453125,-12.6953125
delta_neck_pitch_deg,75%,4.647857666015625,-6.599998474121094,4.089239120483398,-2.7000064849853516
delta_neck_pitch_deg,max,49.766021728515625,13.879104614257812,42.44671630859375,24.064002990722656
delta_eye_center_x_body,count,987.0,937.0,1024.0,1028.0
delta_eye_center_x_body,mean,-0.009145349264144897,-0.35165169835090637,0.6968363523483276,-0.46791574358940125
delta_eye_center_x_body,std,0.09779719263315201,0.17632077634334564,0.2957375943660736,0.358960896730423
delta_eye_center_x_body,min,-0.34487441182136536,-0.7987867593765259,-0.15424448251724243,-1.3854910135269165
delta_eye_center_x_body,25%,-0.06185464933514595,-0.4633173644542694,0.47084128111600876,-0.6731133908033371
delta_eye_center_x_body,50%,-0.014447602443397045,-0.3762928247451782,0.7187285423278809,-0.4274822473526001
delta_eye_center_x_body,75%,0.03532000258564949,-0.23322536051273346,0.8669557571411133,-0.22270533815026283
delta_eye_center_x_body,max,0.6998581886291504,0.5595738887786865,1.795628309249878,0.6425834894180298
delta_eye_center_y_body,count,987.0,937.0,1024.0,1028.0
delta_eye_center_y_body,mean,0.0020550545305013657,0.3239365816116333,0.11512341350317001,0.24940206110477448
delta_eye_center_y_body,std,0.052845146507024765,0.22486962378025055,0.1678408831357956,0.2280348390340805
delta_eye_center_y_body,min,-0.24353550374507904,-0.282127320766449,-0.5058926343917847,-0.41517895460128784
delta_eye_center_y_body,25%,-0.025874081067740917,0.16318440437316895,0.04589326400309801,0.1661636270582676
delta_eye_center_y_body,50%,0.008841783739626408,0.31358644366264343,0.14473984390497208,0.27300654351711273
delta_eye_center_y_body,75%,0.032945604994893074,0.47163596749305725,0.21632732450962067,0.40734998881816864
delta_eye_center_y_body,max,0.22493930160999298,0.8983874917030334,0.6756176352500916,0.6984531283378601
delta_shoulder_center_x_body,count,987.0,937.0,1024.0,1028.0
delta_shoulder_center_x_body,mean,-0.010823666118085384,-0.1514665186405182,0.5927897691726685,-0.4461307227611542
delta_shoulder_center_x_body,std,0.061608586460351944,0.11491001397371292,0.29969528317451477,0.36412206292152405
delta_shoulder_center_x_body,min,-0.21017029881477356,-0.4570035934448242,-0.2791897654533386,-1.3830242156982422
delta_shoulder_center_x_body,25%,-0.035634543746709824,-0.2402227520942688,0.4106317535042763,-0.5606635957956314
delta_shoulder_center_x_body,50%,-0.012624559924006462,-0.17740456759929657,0.6464511752128601,-0.3823258876800537
delta_shoulder_center_x_body,75%,0.009333638940006495,-0.057667266577482224,0.8503191769123077,-0.20836372300982475
delta_shoulder_center_x_body,max,0.671876847743988,0.3167983889579773,1.1734240055084229,0.28489062190055847
delta_eye_shoulder_vertical_gap_body,count,987.0,937.0,1024.0,1028.0
delta_eye_shoulder_vertical_gap_body,mean,0.005269040819257498,-0.1957062929868698,-0.029161591082811356,-0.19981929659843445
delta_eye_shoulder_vertical_gap_body,std,0.05288223549723625,0.1744135320186615,0.11875645816326141,0.11433111876249313
delta_eye_shoulder_vertical_gap_body,min,-0.21842557191848755,-0.6819639801979065,-0.41456183791160583,-0.5846095085144043
delta_eye_shoulder_vertical_gap_body,25%,-0.025534925051033497,-0.27334097027778625,-0.09768183529376984,-0.26394305378198624
delta_eye_shoulder_vertical_gap_body,50%,-0.0006068127695471048,-0.15688635408878326,-0.022878368385136127,-0.19945578277111053
delta_eye_shoulder_vertical_gap_body,75%,0.028901364654302597,-0.06891947239637375,0.025565565563738346,-0.10708187520503998
delta_eye_shoulder_vertical_gap_body,max,0.22889670729637146,0.1277519166469574,0.2774154543876648,0.08987277001142502
delta_eye_shoulder_horizontal_offset_body,count,987.0,937.0,1024.0,1028.0
delta_eye_shoulder_horizontal_offset_body,mean,0.0014004354598000646,-0.20004914700984955,0.10333448648452759,-0.021911384537816048
delta_eye_shoulder_horizontal_offset_body,std,0.0709727555513382,0.11778740584850311,0.2115202248096466,0.1502019762992859
delta_eye_shoulder_horizontal_offset_body,min,-0.2489241361618042,-0.47705191373825073,-0.2944659888744354,-0.32838189601898193
delta_eye_shoulder_horizontal_offset_body,25%,-0.045745182782411575,-0.2742421329021454,-0.06020282115787268,-0.12214096263051033
delta_eye_shoulder_horizontal_offset_body,50%,-0.005196973215788603,-0.2019304633140564,0.07569197565317154,-0.025507635436952114
delta_eye_shoulder_horizontal_offset_body,75%,0.036319246515631676,-0.14598532021045685,0.2460041493177414,0.06409609690308571
delta_eye_shoulder_horizontal_offset_body,max,0.3649844527244568,0.37742871046066284,0.718473494052887,0.5060796737670898
log_ratio_inter_eye_distance,count,987.0,937.0,1024.0,1028.0
log_ratio_inter_eye_distance,mean,0.0011898772791028023,0.11303333193063736,0.1883782148361206,0.013425718992948532
log_ratio_inter_eye_distance,std,0.15618862211704254,0.20295082032680511,0.20082800090312958,0.2319810539484024
log_ratio_inter_eye_distance,min,-0.8713409304618835,-0.49473243951797485,-0.5605587959289551,-0.8975266814231873
log_ratio_inter_eye_distance,25%,-0.06699009984731674,-0.03369385004043579,0.10311994701623917,-0.09302141517400742
log_ratio_inter_eye_distance,50%,0.0030395009089261293,0.12373801320791245,0.18937160074710846,0.025234710425138474
log_ratio_inter_eye_distance,75%,0.07571805641055107,0.24567648768424988,0.2752663642168045,0.19555886462330818
log_ratio_inter_eye_distance,max,0.5103347301483154,0.6743102073669434,0.9093943238258362,0.6116629242897034
log_ratio_ear_nose_horizontal_span,count,987.0,937.0,1024.0,1028.0
log_ratio_ear_nose_horizontal_span,mean,-0.00427271518856287,0.16490589082241058,0.016766292974352837,-0.2776543200016022
log_ratio_ear_nose_horizontal_span,std,0.08861842006444931,0.16001920402050018,0.2882012128829956,0.1808657944202423
log_ratio_ear_nose_horizontal_span,min,-0.48928287625312805,-0.9547677040100098,-1.0406968593597412,-1.122887372970581
log_ratio_ear_nose_horizontal_span,25%,-0.03454875759780407,0.10543954372406006,-0.06783283688127995,-0.37950680404901505
log_ratio_ear_nose_horizontal_span,50%,0.007460024207830429,0.18400605022907257,0.07573602721095085,-0.2812890410423279
log_ratio_ear_nose_horizontal_span,75%,0.043688325211405754,0.24804414808750153,0.20994346216320992,-0.16486873105168343
log_ratio_ear_nose_horizontal_span,max,0.2942042350769043,0.5443143844604492,0.39407798647880554,0.205046609044075
log_ratio_shoulder_width,count,987.0,937.0,1024.0,1028.0
log_ratio_shoulder_width,mean,0.0030991670209914446,0.044571489095687866,0.21331506967544556,-0.11323022842407227
log_ratio_shoulder_width,std,0.06466877460479736,0.13104182481765747,0.11865068972110748,0.16417831182479858
log_ratio_shoulder_width,min,-0.5000836849212646,-1.824824333190918,-0.10678698867559433,-0.8548550605773926
log_ratio_shoulder_width,25%,-0.011949564330279827,-0.009611563757061958,0.11381110362708569,-0.2349553443491459
log_ratio_shoulder_width,50%,0.007386595010757446,0.04329555109143257,0.21749143302440643,-0.09811458736658096
log_ratio_shoulder_width,75%,0.02390450704842806,0.13068631291389465,0.3065963536500931,0.008822900243103504
log_ratio_shoulder_width,max,0.24291035532951355,0.324370414018631,0.4623907804489136,0.2750674784183502
head_drift_magnitude,count,987.0,937.0,1024.0,1028.0
head_drift_magnitude,mean,0.08824888616800308,0.5193277597427368,0.7270181775093079,0.61301189661026
head_drift_magnitude,std,0.06818419694900513,0.2012559175491333,0.29305484890937805,0.2934682369232178
head_drift_magnitude,min,0.002171523403376341,0.013850505463778973,0.0670090764760971,0.10745958983898163
head_drift_magnitude,25%,0.04539716988801956,0.37776944041252136,0.48549937456846237,0.4359232038259506
head_drift_magnitude,50%,0.07181644439697266,0.507898211479187,0.7329218089580536,0.5482913255691528
head_drift_magnitude,75%,0.11227753758430481,0.6566961407661438,0.8924005627632141,0.7346545308828354
head_drift_magnitude,max,0.6998739838600159,0.987785279750824,1.8861033916473389,1.4286508560180664
