mean_fit_time,std_fit_time,mean_score_time,std_score_time,param_subsample,param_reg_lambda,param_reg_alpha,param_n_estimators,param_min_child_weight,param_max_depth,param_learning_rate,param_gamma,param_colsample_bytree,params,split0_test_score,split1_test_score,split2_test_score,split3_test_score,mean_test_score,std_test_score,rank_test_score,model_name,outer_fold,heldout_person,param_model__C,param_model__class_weight,param_model__gamma,param_min_samples_split,param_min_samples_leaf,param_max_features,param_class_weight,param_model__learning_rate_init,param_model__hidden_layer_sizes,param_model__alpha,param_model__activation
0.10279768705368042,0.014244636068280742,0.014155328273773193,0.0011026857012026786,,,,,,,,,,"{'model__C': 1, 'model__class_weight': None, 'model__gamma': 'scale'}",0.975467140428232,0.6989609324874859,0.898574437440369,0.9667645909989298,0.8849417753387542,0.11142771005318568,1,SVM_RBF,1,person01,1.0,,scale,,,,,,,,
0.1419714093208313,0.01934697362824694,0.023553788661956787,0.0015139257470308403,,,,,,,,,,"{'model__C': 1, 'model__class_weight': None, 'model__gamma': 0.01}",0.9861568541980504,0.704535834521885,0.889262743481335,0.9095774173404996,0.8723832123854425,0.10342329437707865,2,SVM_RBF,1,person01,1.0,,0.01,,,,,,,,
0.08845573663711548,0.011669556310179524,0.01048511266708374,0.0005940474457246901,,,,,,,,,,"{'model__C': 10, 'model__class_weight': None, 'model__gamma': 'scale'}",0.9543843240219645,0.6770557321900406,0.8728988110321116,0.8451429881620227,0.8373704638515349,0.10089069858914461,4,SVM_RBF,1,person01,10.0,,scale,,,,,,,,
0.08132010698318481,0.016283020571228015,0.011819541454315186,0.001104194657687527,,,,,,,,,,"{'model__C': 10, 'model__class_weight': None, 'model__gamma': 0.01}",0.9790216235281524,0.670424019046164,0.8942159378458284,0.8931448709141868,0.859201612833583,0.11442460684245775,3,SVM_RBF,1,person01,10.0,,0.01,,,,,,,,
0.08027029037475586,0.007214268154208904,0.013155758380889893,0.002396763493161801,,,,,,,,,,"{'model__C': 1, 'model__class_weight': None, 'model__gamma': 'scale'}",0.9761899973551241,0.9714244096891222,0.7018514121756061,0.8776265734341954,0.881773098163512,0.11106407527558418,1,SVM_RBF,2,person02,1.0,,scale,,,,,,,,
0.1133463978767395,0.01256877520649332,0.019027113914489746,0.0029829934513281586,,,,,,,,,,"{'model__C': 1, 'model__class_weight': None, 'model__gamma': 0.01}",0.9878224752912869,0.8965209820036935,0.6968696073193053,0.9047171908855085,0.8714825638749485,0.10695340387335193,3,SVM_RBF,2,person02,1.0,,0.01,,,,,,,,
0.06625151634216309,0.005051267988796827,0.008989512920379639,0.0005557464554285647,,,,,,,,,,"{'model__C': 10, 'model__class_weight': None, 'model__gamma': 'scale'}",0.9581403910704985,0.9312642798857609,0.6919877068261476,0.83717637448576,0.8546421880670417,0.10409653919730165,4,SVM_RBF,2,person02,10.0,,scale,,,,,,,,
0.05892980098724365,0.0057770097175207855,0.009770095348358154,0.0019388438777707391,,,,,,,,,,"{'model__C': 10, 'model__class_weight': None, 'model__gamma': 0.01}",0.9702252158344699,0.9600921205665598,0.7075329713132812,0.8610896537679571,0.874734990370567,0.10553072209346688,2,SVM_RBF,2,person02,10.0,,0.01,,,,,,,,
0.08821254968643188,0.010339079324970819,0.01398402452468872,0.0016079330282053237,,,,,,,,,,"{'model__C': 1, 'model__class_weight': None, 'model__gamma': 'scale'}",0.9734173227926044,0.9530727344218233,0.5517058087117853,0.9138919593895475,0.8480219563289401,0.17241068742275864,1,SVM_RBF,3,person03,1.0,,scale,,,,,,,,
0.1278483271598816,0.02099585551306809,0.022329747676849365,0.0037116334424888106,,,,,,,,,,"{'model__C': 1, 'model__class_weight': None, 'model__gamma': 0.01}",0.9894495511247763,0.9079767853928202,0.5431026957704135,0.9499241384080966,0.8476132926740267,0.17815406832706288,2,SVM_RBF,3,person03,1.0,,0.01,,,,,,,,
0.07608211040496826,0.010154302263788401,0.01039278507232666,0.001048742361317166,,,,,,,,,,"{'model__C': 10, 'model__class_weight': None, 'model__gamma': 'scale'}",0.9486734737251363,0.8617704940753942,0.5485152613702212,0.8073395097550868,0.7915746847314596,0.14910893177929774,4,SVM_RBF,3,person03,10.0,,scale,,,,,,,,
0.07408440113067627,0.016382772747991523,0.012956380844116211,0.0041187258150718695,,,,,,,,,,"{'model__C': 10, 'model__class_weight': None, 'model__gamma': 0.01}",0.9734531646732882,0.8971304047068293,0.5381065754567946,0.8525230238788942,0.8153032921789516,0.16577875821707702,3,SVM_RBF,3,person03,10.0,,0.01,,,,,,,,
0.09396958351135254,0.010568909558197436,0.014822781085968018,0.0020013243969854684,,,,,,,,,,"{'model__C': 1, 'model__class_weight': None, 'model__gamma': 'scale'}",0.9751084763084523,0.970955999563271,0.8824285702212366,0.8216608936783886,0.9125384849428372,0.06421244698750393,1,SVM_RBF,4,person04,1.0,,scale,,,,,,,,
0.13089895248413086,0.0155495210009048,0.022236347198486328,0.0024603456395501577,,,,,,,,,,"{'model__C': 1, 'model__class_weight': None, 'model__gamma': 0.01}",0.9878224752912869,0.9183081933894549,0.8833077860352321,0.8108420422059464,0.90007012423048,0.06378818246136077,2,SVM_RBF,4,person04,1.0,,0.01,,,,,,,,
0.08309900760650635,0.011459199119767003,0.010606765747070312,0.0013141137456028874,,,,,,,,,,"{'model__C': 10, 'model__class_weight': None, 'model__gamma': 'scale'}",0.9527721382929467,0.8489885287265654,0.8372983403018333,0.7935416574305657,0.8581501661879778,0.05840871350374564,4,SVM_RBF,4,person04,10.0,,scale,,,,,,,,
0.07332324981689453,0.00796610962690409,0.011677682399749756,0.0015980839296247588,,,,,,,,,,"{'model__C': 10, 'model__class_weight': None, 'model__gamma': 0.01}",0.9773731185361273,0.9032441870150196,0.8840124144383604,0.7906085058483362,0.8888095564594609,0.06655509371881746,3,SVM_RBF,4,person04,10.0,,0.01,,,,,,,,
0.09311139583587646,0.009429045643742747,0.013625264167785645,0.0015808521697938131,,,,,,,,,,"{'model__C': 1, 'model__class_weight': None, 'model__gamma': 'scale'}",0.9728514696539934,0.8669603596543702,0.795038358327484,0.9059655421109668,0.8852039324367036,0.06437350759208348,3,SVM_RBF,5,person05,1.0,,scale,,,,,,,,
0.1294596791267395,0.013067408100334505,0.021836042404174805,0.002425038494322089,,,,,,,,,,"{'model__C': 1, 'model__class_weight': None, 'model__gamma': 0.01}",0.9848372297372623,0.8623994262312396,0.8076833260040888,0.9455991614364647,0.9001297858522639,0.06930501991403536,1,SVM_RBF,5,person05,1.0,,0.01,,,,,,,,
0.08201766014099121,0.009068740313047267,0.010197341442108154,0.0008713987450796025,,,,,,,,,,"{'model__C': 10, 'model__class_weight': None, 'model__gamma': 'scale'}",0.9523050746697213,0.8409244186158978,0.7877094004709424,0.7818252422838801,0.8406910340101105,0.06842876491062458,4,SVM_RBF,5,person05,10.0,,scale,,,,,,,,
0.0741613507270813,0.010403496329573745,0.011240601539611816,0.0018449172617038211,,,,,,,,,,"{'model__C': 10, 'model__class_weight': None, 'model__gamma': 0.01}",0.9738029842677938,0.8715882084377492,0.7978986908869958,0.898615090165017,0.885476243439389,0.06292246750152462,2,SVM_RBF,5,person05,10.0,,0.01,,,,,,,,
0.09540563821792603,0.00992341449541866,0.01416689157485962,0.0011207628127155047,,,,,,,,,,"{'model__C': 1, 'model__class_weight': None, 'model__gamma': 'scale'}",0.974161783275993,0.9684535156416924,0.7050297156750186,0.8886570225675344,0.8840755092900595,0.10875841483730854,1,SVM_RBF,6,person06,1.0,,scale,,,,,,,,
0.1310591697692871,0.015525881083741134,0.02250218391418457,0.0027201338689026313,,,,,,,,,,"{'model__C': 1, 'model__class_weight': None, 'model__gamma': 0.01}",0.9907436745714147,0.8863113018936608,0.7078261599349778,0.8890276616972393,0.8684771995243231,0.10185556458095324,2,SVM_RBF,6,person06,1.0,,0.01,,,,,,,,
0.08145123720169067,0.006386477394235224,0.010696709156036377,0.0015124306932589753,,,,,,,,,,"{'model__C': 10, 'model__class_weight': None, 'model__gamma': 'scale'}",0.9536062322113105,0.8706364079955321,0.6828139519748508,0.8764912798141644,0.8458869679989645,0.09968125089438298,4,SVM_RBF,6,person06,10.0,,scale,,,,,,,,
0.07301610708236694,0.009903809944824373,0.011295199394226074,0.0013959875524505257,,,,,,,,,,"{'model__C': 10, 'model__class_weight': None, 'model__gamma': 0.01}",0.9790216235281524,0.9055704959206973,0.6741571331699655,0.8897298009536437,0.8621197633931147,0.11362908473924443,3,SVM_RBF,6,person06,10.0,,0.01,,,,,,,,
0.07717955112457275,0.010211499715480453,0.012191534042358398,0.0020392857872941236,,,,,,,,,,"{'model__C': 1, 'model__class_weight': None, 'model__gamma': 'scale'}",0.8936963650187276,0.7084208176870721,0.9469634840885467,0.8976979827171189,0.8616946623778663,0.09094502662266701,2,SVM_RBF,7,person07,1.0,,scale,,,,,,,,
0.11068207025527954,0.013273771902455288,0.019246220588684082,0.0017639072774451306,,,,,,,,,,"{'model__C': 1, 'model__class_weight': None, 'model__gamma': 0.01}",0.9774642248453318,0.7312281368664542,0.9441206857863526,0.9046670370164202,0.8893700211286396,0.0948697505293506,1,SVM_RBF,7,person07,1.0,,0.01,,,,,,,,
0.06583255529403687,0.010603663312075023,0.009447455406188965,0.0007631939318306887,,,,,,,,,,"{'model__C': 10, 'model__class_weight': None, 'model__gamma': 'scale'}",0.8079656010148001,0.6857631806334636,0.8958008097828658,0.8004975401132741,0.7975067828861009,0.07461011974494251,4,SVM_RBF,7,person07,10.0,,scale,,,,,,,,
0.06252706050872803,0.011441526304837664,0.009805858135223389,0.0016797611103179446,,,,,,,,,,"{'model__C': 10, 'model__class_weight': None, 'model__gamma': 0.01}",0.929962022772837,0.7017986761569439,0.9356848644955648,0.8640355728612604,0.8578702840716516,0.09440429717238931,3,SVM_RBF,7,person07,10.0,,0.01,,,,,,,,
0.09500598907470703,0.0157959866055045,0.013507664203643799,0.001661810345911678,,,,,,,,,,"{'model__C': 1, 'model__class_weight': None, 'model__gamma': 'scale'}",0.9780828112024705,0.8746477219794278,0.7810383922334028,0.9329530534160363,0.8916804947078344,0.07365557444067189,2,SVM_RBF,8,person09,1.0,,scale,,,,,,,,
0.13965332508087158,0.021520986184763426,0.021538972854614258,0.0025991605095181444,,,,,,,,,,"{'model__C': 1, 'model__class_weight': None, 'model__gamma': 0.01}",0.9865171186947874,0.8850582130814055,0.8171329532871869,0.8771573576977054,0.8914664106902714,0.06083977723454096,3,SVM_RBF,8,person09,1.0,,0.01,,,,,,,,
0.0800597071647644,0.010998192226374272,0.01097196340560913,0.0016831784702722931,,,,,,,,,,"{'model__C': 10, 'model__class_weight': None, 'model__gamma': 'scale'}",0.9558563716536821,0.8747192821636294,0.7831409525285947,0.8471101514964041,0.8652066894605775,0.061988152428756875,4,SVM_RBF,8,person09,10.0,,scale,,,,,,,,
0.070220947265625,0.009373883316350518,0.011212348937988281,0.001734306113765204,,,,,,,,,,"{'model__C': 10, 'model__class_weight': None, 'model__gamma': 0.01}",0.9718016971873211,0.8924478518856582,0.7863639361490877,0.9297583689655171,0.895092963546896,0.06876575849237906,1,SVM_RBF,8,person09,10.0,,0.01,,,,,,,,
0.09015101194381714,0.01183852248599657,0.013403892517089844,0.0015278588335338888,,,,,,,,,,"{'model__C': 1, 'model__class_weight': None, 'model__gamma': 'scale'}",0.9607482009708151,0.9434804119434447,0.8565190793559914,0.8657538478978561,0.9066253850420268,0.046012760811527845,1,SVM_RBF,9,person10,1.0,,scale,,,,,,,,
0.12828630208969116,0.01855237798062658,0.021400034427642822,0.0024284343695728087,,,,,,,,,,"{'model__C': 1, 'model__class_weight': None, 'model__gamma': 0.01}",0.9878224752912869,0.9042534028180893,0.8195900231025832,0.8483850597141457,0.8900127402315262,0.06415170226978613,2,SVM_RBF,9,person10,1.0,,0.01,,,,,,,,
0.07721608877182007,0.009319314504220064,0.00998377799987793,0.000681366700244355,,,,,,,,,,"{'model__C': 10, 'model__class_weight': None, 'model__gamma': 'scale'}",0.9116687203765855,0.8487072645506748,0.7593555758791266,0.8626790566394525,0.84560265436146,0.05501028482165745,4,SVM_RBF,9,person10,10.0,,scale,,,,,,,,
0.06911998987197876,0.009129612081503055,0.011535704135894775,0.0017991668364059446,,,,,,,,,,"{'model__C': 10, 'model__class_weight': None, 'model__gamma': 0.01}",0.9616486611480284,0.8729757270429946,0.8266670680246605,0.8542648103289422,0.8788890666361565,0.05054109517653922,3,SVM_RBF,9,person10,10.0,,0.01,,,,,,,,
0.09684485197067261,0.011230188375856667,0.01396709680557251,0.0018648393286326683,,,,,,,,,,"{'model__C': 1, 'model__class_weight': None, 'model__gamma': 'scale'}",0.9767719174925998,0.9692265705082607,0.5475807058572214,0.9345920956654314,0.8570428223808784,0.17937456683602285,1,SVM_RBF,10,person12,1.0,,scale,,,,,,,,
0.13194018602371216,0.020272929705856715,0.022911489009857178,0.004042092561808113,,,,,,,,,,"{'model__C': 1, 'model__class_weight': None, 'model__gamma': 0.01}",0.9878224752912869,0.8913948454181329,0.5462852983446935,0.9410015424546914,0.8416260403772011,0.17389075295588335,2,SVM_RBF,10,person12,1.0,,0.01,,,,,,,,
0.08253157138824463,0.011018359478803537,0.010388076305389404,0.0011496152946191872,,,,,,,,,,"{'model__C': 10, 'model__class_weight': None, 'model__gamma': 'scale'}",0.9099797629051649,0.8744920908134692,0.5368607439629691,0.9010161934875492,0.8055871977922882,0.1556970553191308,4,SVM_RBF,10,person12,10.0,,scale,,,,,,,,
0.07546937465667725,0.013210302975039064,0.011585772037506104,0.0021969901585715264,,,,,,,,,,"{'model__C': 10, 'model__class_weight': None, 'model__gamma': 0.01}",0.9790216235281524,0.8913732038228845,0.5243451061297573,0.8893124242119662,0.8210130894231902,0.17506708285134515,3,SVM_RBF,10,person12,10.0,,0.01,,,,,,,,
0.08642333745956421,0.006746466739061793,0.013206541538238525,0.0014149567438013321,,,,,,,,,,"{'model__C': 1, 'model__class_weight': None, 'model__gamma': 'scale'}",0.9911015045938111,0.8703960435409033,0.6772052413927264,0.9541066091041037,0.8732023496578862,0.12131410855035892,2,SVM_RBF,11,person13,1.0,,scale,,,,,,,,
0.11966568231582642,0.013066903388818442,0.020447373390197754,0.0027314615036699483,,,,,,,,,,"{'model__C': 1, 'model__class_weight': None, 'model__gamma': 0.01}",0.9878224752912869,0.8841618669806373,0.6834075139216051,0.944870437708057,0.8750655734753965,0.11662160212104426,1,SVM_RBF,11,person13,1.0,,0.01,,,,,,,,
0.0795547366142273,0.008330267081209743,0.009613096714019775,0.0007412856418879033,,,,,,,,,,"{'model__C': 10, 'model__class_weight': None, 'model__gamma': 'scale'}",0.9906333189125083,0.7594782094176782,0.6697685258389459,0.9230138926273773,0.8357234866991274,0.12744710905442885,4,SVM_RBF,11,person13,10.0,,scale,,,,,,,,
0.06461590528488159,0.008650991288741442,0.010384738445281982,0.0014785898875207158,,,,,,,,,,"{'model__C': 10, 'model__class_weight': None, 'model__gamma': 0.01}",0.9890894133163992,0.8190517402321459,0.6670297852290785,0.9499749291587409,0.856286466984091,0.12611370560371582,3,SVM_RBF,11,person13,10.0,,0.01,,,,,,,,
0.09661471843719482,0.011813445352472031,0.01408010721206665,0.001974055964931599,,,,,,,,,,"{'model__C': 1, 'model__class_weight': None, 'model__gamma': 'scale'}",0.9728557922487227,0.9631977060936477,0.5575489661635664,0.9027172753475847,0.8490799349633804,0.17044837824639944,1,SVM_RBF,12,person14,1.0,,scale,,,,,,,,
0.12969893217086792,0.0185025609436727,0.021218419075012207,0.003084081242433692,,,,,,,,,,"{'model__C': 1, 'model__class_weight': None, 'model__gamma': 0.01}",0.988180186837157,0.8898144442830909,0.5515103531639937,0.9237121241384503,0.8383042771056729,0.16930840261570415,2,SVM_RBF,12,person14,1.0,,0.01,,,,,,,,
0.08374065160751343,0.011536601292934587,0.01092451810836792,0.0013709809591630887,,,,,,,,,,"{'model__C': 10, 'model__class_weight': None, 'model__gamma': 'scale'}",0.9521928120231378,0.8695938232741159,0.5489822254454043,0.8587454936856194,0.8073785886070693,0.1535001092514257,3,SVM_RBF,12,person14,10.0,,scale,,,,,,,,
0.07530480623245239,0.012028697667977992,0.011620163917541504,0.002397853066063356,,,,,,,,,,"{'model__C': 10, 'model__class_weight': None, 'model__gamma': 0.01}",0.9777177420939693,0.8885510774948249,0.5236304791753117,0.8387344230824845,0.8071584304616475,0.1710996670410092,4,SVM_RBF,12,person14,10.0,,0.01,,,,,,,,
