recording_id,person_id,total_samples,correct_samples,calibration_samples,removed_samples,remaining_samples,remaining_correct,baseline_created,order_source,skip_reason
person02__session01,person02,277,79,30,30,247,49,True,image_path_frame_index,
person03__session01,person03,201,57,30,30,171,27,True,image_path_frame_index,
person04__session01,person04,275,63,30,30,245,33,True,image_path_frame_index,
person05__session01,person05,260,73,30,30,230,43,True,image_path_frame_index,
person06__session01,person06,240,67,30,30,210,37,True,image_path_frame_index,
person07__session01,person07,297,85,30,30,267,55,True,image_path_frame_index,
person07__session02,person07,258,68,30,30,228,38,True,image_path_frame_index,
person07__session03,person07,241,58,30,30,211,28,True,image_path_frame_index,
person08__session01,person08,226,67,30,30,196,37,True,image_path_frame_index,
person09__session01,person09,273,84,30,30,243,54,True,image_path_frame_index,
person11__session01,person11,258,57,30,30,228,27,True,image_path_frame_index,
person13__session01,person13,255,60,30,30,225,30,True,image_path_frame_index,
person14__session01,person14,246,61,30,30,216,31,True,image_path_frame_index,
