params,mean_test_score,std_test_score,rank_test_score
"{'model__C': 1, 'model__class_weight': 'balanced', 'model__gamma': 0.01}",0.7707440106398226,0.06603700293442502,1
"{'model__C': 10, 'model__class_weight': 'balanced', 'model__gamma': 0.001}",0.7697472811603581,0.065534275448486,2
"{'model__C': 1, 'model__class_weight': 'balanced', 'model__gamma': 'scale'}",0.7690069756708761,0.06144014005513857,3
"{'model__C': 1, 'model__class_weight': None, 'model__gamma': 'scale'}",0.7660861315036198,0.0676100036585756,4
"{'model__C': 10, 'model__class_weight': None, 'model__gamma': 0.001}",0.7645441620840813,0.0679160194596657,5
"{'model__C': 1, 'model__class_weight': None, 'model__gamma': 0.01}",0.7619570375056325,0.06821149855007604,6
"{'model__C': 100, 'model__class_weight': 'balanced', 'model__gamma': 0.001}",0.7602091400265749,0.05828007530596052,7
"{'model__C': 100, 'model__class_weight': None, 'model__gamma': 0.001}",0.7601994163582593,0.06370034812847089,8
"{'model__C': 10, 'model__class_weight': 'balanced', 'model__gamma': 0.01}",0.7512002761794603,0.04327352573744289,9
"{'model__C': 0.1, 'model__class_weight': 'balanced', 'model__gamma': 'scale'}",0.750898441418112,0.059292230942380814,10
"{'model__C': 10, 'model__class_weight': None, 'model__gamma': 0.01}",0.7486711312719819,0.041432426488778575,11
"{'model__C': 0.1, 'model__class_weight': None, 'model__gamma': 'scale'}",0.746764881134263,0.06124001147525877,12
"{'model__C': 10, 'model__class_weight': 'balanced', 'model__gamma': 'scale'}",0.7430073797707111,0.0730779882945489,13
"{'model__C': 10, 'model__class_weight': None, 'model__gamma': 'scale'}",0.7412582119958783,0.07186954835059377,14
"{'model__C': 1, 'model__class_weight': None, 'model__gamma': 0.1}",0.7410953107689586,0.06279534846673511,15
"{'model__C': 1, 'model__class_weight': 'balanced', 'model__gamma': 0.1}",0.7388215017461249,0.06176405978795533,16
"{'model__C': 1, 'model__class_weight': 'balanced', 'model__gamma': 0.001}",0.7387624527637486,0.08833911509181094,17
"{'model__C': 0.1, 'model__class_weight': 'balanced', 'model__gamma': 0.01}",0.7338374437119144,0.08866166708648177,18
"{'model__C': 100, 'model__class_weight': 'balanced', 'model__gamma': 0.01}",0.7331516205226096,0.07320021877879962,19
"{'model__C': 100, 'model__class_weight': None, 'model__gamma': 0.01}",0.7327005608972827,0.07708749462191983,20
"{'model__C': 1, 'model__class_weight': None, 'model__gamma': 0.001}",0.7310098280994507,0.10236002060263016,21
"{'model__C': 0.1, 'model__class_weight': None, 'model__gamma': 0.01}",0.7280150499087362,0.1012933606596229,22
"{'model__C': 0.1, 'model__class_weight': None, 'model__gamma': 0.1}",0.7233967525923758,0.05830065896223559,23
"{'model__C': 0.1, 'model__class_weight': 'balanced', 'model__gamma': 0.1}",0.7233468359604055,0.05101981957237145,24
"{'model__C': 10, 'model__class_weight': 'balanced', 'model__gamma': 0.1}",0.6801266201017429,0.044659612839626626,25
"{'model__C': 10, 'model__class_weight': None, 'model__gamma': 0.1}",0.678550733170826,0.041860874785094496,26
"{'model__C': 0.1, 'model__class_weight': 'balanced', 'model__gamma': 0.001}",0.6766232074381836,0.0872490064452224,27
"{'model__C': 100, 'model__class_weight': 'balanced', 'model__gamma': 'scale'}",0.674496026757408,0.05614024776054435,28
"{'model__C': 100, 'model__class_weight': None, 'model__gamma': 'scale'}",0.6707083219285879,0.055752472491608564,29
"{'model__C': 0.1, 'model__class_weight': None, 'model__gamma': 0.001}",0.6706761366555751,0.10717039067487312,30
"{'model__C': 100, 'model__class_weight': 'balanced', 'model__gamma': 0.1}",0.6447087706325697,0.06068627194534081,31
"{'model__C': 100, 'model__class_weight': None, 'model__gamma': 0.1}",0.6444321789634867,0.06058338590358469,32
